Category,Link
Graduate Programs,https://www.bemidjistate.edu/academics/graduate-studies/masters-programs/
Graduate Programs,https://www.bemidjistate.edu/academics/graduate/
Graduate Programs,https://www.bemidjistate.edu/academics/graduate-studies/
Graduate Programs,https://www.bemidjistate.edu/admissions/graduate/
Graduate Programs,https://www.bemidjistate.edu/admissions/graduate-programs-at-bemidji-state-university/
Graduate Programs,https://www.bemidjistate.edu/academics/graduate-studies/masters-programs/biology/
Graduate Programs,https://www.bemidjistate.edu/academics/catalog/graduate/20243.pdf
Graduate Programs,https://www.bemidjistate.edu/academics/catalog/graduate/20253/content/331
Graduate Programs,https://www.bemidjistate.edu/academics/
Graduate Programs,https://www.bemidjistate.edu/academics/graduate-studies/masters-programs/environmental-studies/
Funding Opportunities,https://www.bemidjistate.edu/academics/graduate-studies/graduate-student-resources/guidelines/
Funding Opportunities,https://www.bemidjistate.edu/academics/graduate-studies/wp-content/uploads/sites/23/2022/01/GA-Guidelines-2021.pdf
Funding Opportunities,https://www.bemidjistate.edu/admissions/graduate/can-i-afford-it/
Funding Opportunities,https://www.bemidjistate.edu/mybsu/wp-content/uploads/sites/2/2024/07/BSU-Guide-to-Financial-Aid-2024-2025.pdf
Funding Opportunities,https://www.bemidjistate.edu/academics/graduate-studies/masters-programs/english-ms/
Funding Opportunities,https://www.bemidjistate.edu/mybsu/wp-content/uploads/sites/2/2019/08/BSU-Guide-to-Financial-Aid-2021-2022.pdf
Funding Opportunities,https://www.bemidjistate.edu/academics/graduate-studies/
Funding Opportunities,https://www.bemidjistate.edu/mybsu/finances/employment/international-students/
Funding Opportunities,https://www.bemidjistate.edu/academics/graduate-studies/masters-programs/biology/
Funding Opportunities,https://www.bemidjistate.edu/academics/graduate-studies/graduate-student-resources/student-resources/
Faculty Information,https://www.bemidjistate.edu/academics/graduate-studies/masters-programs/
Faculty Information,https://www.bemidjistate.edu/academics/graduate-studies/contact/graduate-faculty-resources/graduate-faculty-list/
Faculty Information,https://www.bemidjistate.edu/academics/graduate-studies/contact/graduate-faculty-resources/graduate-faculty-orientation/graduate-faculty-membership/
Faculty Information,https://www.bemidjistate.edu/academics/graduate-studies/
Faculty Information,https://www.bemidjistate.edu/admissions/graduate-programs-at-bemidji-state-university/
Faculty Information,https://www.bemidjistate.edu/academics/graduate-studies/contact/graduate-faculty-resources/faculty-staff-administration/
Faculty Information,https://www.bemidjistate.edu/academics/graduate-studies/contact/
Faculty Information,https://www.bemidjistate.edu/academics/graduate-studies/contact/graduate-faculty-resources/graduate-faculty-orientation/school-of-graduate-studies-office-staff/
Faculty Information,https://www.bemidjistate.edu/academics/graduate-studies/contact/graduate-faculty-resources/
Faculty Information,https://www.bemidjistate.edu/academics/graduate-studies/masters-programs/biology/
